{"claude":[1755315557.217422,1755315560.061257,1755315562.239058,1755315564.416401,1755315565.961735],"ollama":[1755302104.396705,1755302116.679561,1755302123.911688,1755302133.613453],"gemini":[1755315111.44863,1755315133.384167]}